{
  "opponent": "matsu",
  "shards": 2,
  "n_matches": 58,
  "wins_fable": 25,
  "wins_opp": 33,
  "draws": 0,
  "unfinished": 0,
  "faults_fable": 0,
  "faults_opp": 0,
  "wins_fable_as_first": 16,
  "n_fable_as_first": 29,
  "max_think_s": {
    "fable": 32.66188247571699,
    "matsu": 31.624332389095798
  },
  "winrate_fable_excl_draws": 0.43103448275862066,
  "wilson95_excl_draws": [
    0.3118160080083492,
    0.5588212329427257
  ],
  "winrate_fable_draws_half": 0.43103448275862066
}